[
    {
        "created_at": "Mon Apr 04 19:51:10 +0000 2016",
        "id": 717077070648442900,
        "text": "@varshasinghmcx hello barsa g",
        "used_id": 4793984605,
        "user_name": "Rupa",
        "user_screen_name": "Rupa",
        "user_location": "lumbini Nepal",
        "user_followers_count": 697,
        "user_friends_count": 1087,
        "user_created_at": "Thu Jan 21 16:23:21 +0000 2016",
        "user_time_zone": null,
        "user_profile_background_color": "F5F8FA",
        "user_profile_image_url": "http://pbs.twimg.com/profile_images/711775959435730944/k6u9LN22_normal.jpg",
        "geo": null,
        "coordinates": null,
        "place": null,
        "$$hashKey": "object:7"
    },
    {
        "created_at": "Mon Apr 04 19:51:11 +0000 2016",
        "id": 717077071277592600,
        "text": "RT @LoLDaleth: He went from \"Hello Sir, nice to meet you\" to \"Your son calls me daddy too.\" https://t.co/QNOvrDMkis",
        "used_id": 339005746,
        "user_name": "Bokukuku",
        "user_screen_name": "Bokukuku",
        "user_location": "TX",
        "user_followers_count": 1986,
        "user_friends_count": 947,
        "user_created_at": "Wed Jul 20 12:55:02 +0000 2011",
        "user_time_zone": "Eastern Time (US & Canada)",
        "user_profile_background_color": "FF7700",
        "user_profile_image_url": "http://pbs.twimg.com/profile_images/707081238876528640/kPEgkZRJ_normal.jpg",
        "geo": null,
        "coordinates": null,
        "place": null,
        "$$hashKey": "object:9"
    },
    {
        "created_at": "Mon Apr 04 19:51:11 +0000 2016",
        "id": 717077071915315200,
        "text": "RT @5SOS: @Luke5SOS hello Luke, did you really think you were a penguin. I mean really? You are a human bean",
        "used_id": 3026990805,
        "user_name": "Mikayla Patton",
        "user_screen_name": "Mikayla Patton",
        "user_location": null,
        "user_followers_count": 112,
        "user_friends_count": 104,
        "user_created_at": "Mon Feb 09 19:11:04 +0000 2015",
        "user_time_zone": null,
        "user_profile_background_color": "C0DEED",
        "user_profile_image_url": "http://pbs.twimg.com/profile_images/712579548911636480/4GRSSOQ3_normal.jpg",
        "geo": null,
        "coordinates": null,
        "place": null,
        "$$hashKey": "object:11"
    },
    {
        "created_at": "Mon Apr 04 19:51:11 +0000 2016",
        "id": 717077071848161300,
        "text": "Hello Monday... https://t.co/Nf33OpA88p",
        "used_id": 31494963,
        "user_name": "Rah Boogie",
        "user_screen_name": "Rah Boogie",
        "user_location": "iPhone: 39.167221,-75.542282",
        "user_followers_count": 425,
        "user_friends_count": 328,
        "user_created_at": "Wed Apr 15 19:38:00 +0000 2009",
        "user_time_zone": "Central Time (US & Canada)",
        "user_profile_background_color": "1A1B1F",
        "user_profile_image_url": "http://pbs.twimg.com/profile_images/611569082245230592/aVxHPeJF_normal.jpg",
        "geo": null,
        "coordinates": null,
        "place": null,
        "$$hashKey": "object:13"
    },
    {
        "created_at": "Mon Apr 04 19:51:11 +0000 2016",
        "id": 717077071487492100,
        "text": "Non disclosure?  Isn't that the opposite of open and transparent? And runs afoul of Freedom of Information requests. https://t.co/bpx1TGyMmg",
        "used_id": 18963999,
        "user_name": "Jennifer F. Murphy",
        "user_screen_name": "Jennifer F. Murphy",
        "user_location": "Maine",
        "user_followers_count": 400,
        "user_friends_count": 976,
        "user_created_at": "Wed Jan 14 02:36:42 +0000 2009",
        "user_time_zone": "Quito",
        "user_profile_background_color": "030302",
        "user_profile_image_url": "http://pbs.twimg.com/profile_images/1455673922/IMG_2161-1_normal.JPG",
        "geo": null,
        "coordinates": null,
        "place": null,
        "$$hashKey": "object:15"
    },
    {
        "created_at": "Mon Apr 04 19:51:11 +0000 2016",
        "id": 717077071311290400,
        "text": "Hello,\nIt's me,\nI was wondering... https://t.co/r5lYuZB2lD",
        "used_id": 29146160,
        "user_name": "Marcelo",
        "user_screen_name": "Marcelo",
        "user_location": "Curitiba, Paraná",
        "user_followers_count": 414,
        "user_friends_count": 507,
        "user_created_at": "Mon Apr 06 04:49:52 +0000 2009",
        "user_time_zone": "Brasilia",
        "user_profile_background_color": "F2E195",
        "user_profile_image_url": "http://pbs.twimg.com/profile_images/715753549225918464/OWZzRBBI_normal.jpg",
        "geo": null,
        "coordinates": null,
        "place": {
            "id": "6d5542f8d837770d",
            "url": "https://api.twitter.com/1.1/geo/id/6d5542f8d837770d.json",
            "place_type": "city",
            "name": "Curitiba",
            "full_name": "Curitiba, Brazil",
            "country_code": "BR",
            "country": "Brasil",
            "bounding_box": {
                "type": "Polygon",
                "coordinates": [
                    [
                        [
                            -49.391643,
                            -25.644752
                        ],
                        [
                            -49.391643,
                            -25.345747
                        ],
                        [
                            -49.185278,
                            -25.345747
                        ],
                        [
                            -49.185278,
                            -25.644752
                        ]
                    ]
                ]
            },
            "attributes": {}
        },
        "$$hashKey": "object:17"
    },
    {
        "created_at": "Mon Apr 04 19:51:11 +0000 2016",
        "id": 717077073098117100,
        "text": "RT @davelackie: I'm giving away this adorable Hello Kitty by OPI set at Hudson's Bay! To enter, follow @davelackie &amp; RT https://t.co/dCZRhM…",
        "used_id": 3300289179,
        "user_name": "Katts2009@yahoo.gr Τ",
        "user_screen_name": "Katts2009@yahoo.gr Τ",
        "user_location": null,
        "user_followers_count": 4,
        "user_friends_count": 27,
        "user_created_at": "Wed May 27 11:15:23 +0000 2015",
        "user_time_zone": null,
        "user_profile_background_color": "C0DEED",
        "user_profile_image_url": "http://abs.twimg.com/sticky/default_profile_images/default_profile_5_normal.png",
        "geo": null,
        "coordinates": null,
        "place": null,
        "$$hashKey": "object:19"
    },
    {
        "created_at": "Mon Apr 04 19:51:11 +0000 2016",
        "id": 717077072032567300,
        "text": "hello @justinbieber welcome to Denver! on a scale of 1-10, how badly do you want to give @irish_girly303 &amp; me tickets to your show tonight?",
        "used_id": 23350068,
        "user_name": "Jordy Bond",
        "user_screen_name": "Jordy Bond",
        "user_location": "a texas girl relocated in the mile high city.",
        "user_followers_count": 216,
        "user_friends_count": 191,
        "user_created_at": "Sun Mar 08 20:28:44 +0000 2009",
        "user_time_zone": "Mountain Time (US & Canada)",
        "user_profile_background_color": "9AE4E8",
        "user_profile_image_url": "http://pbs.twimg.com/profile_images/474053487505195008/efDx40by_normal.jpeg",
        "geo": null,
        "coordinates": null,
        "place": null,
        "$$hashKey": "object:21"
    },
    {
        "created_at": "Mon Apr 04 19:51:11 +0000 2016",
        "id": 717077073278279700,
        "text": "RT @temporaryluh: Hello  https://t.co/Zisj0fnLBy",
        "used_id": 262232226,
        "user_name": "Règ",
        "user_screen_name": "Règ",
        "user_location": "Houston, TX",
        "user_followers_count": 4521,
        "user_friends_count": 994,
        "user_created_at": "Mon Mar 07 16:57:24 +0000 2011",
        "user_time_zone": "Central Time (US & Canada)",
        "user_profile_background_color": "EAEFF2",
        "user_profile_image_url": "http://pbs.twimg.com/profile_images/716773951767089152/NfBZh4-g_normal.jpg",
        "geo": null,
        "coordinates": null,
        "place": null,
        "$$hashKey": "object:23"
    },
    {
        "created_at": "Mon Apr 04 19:51:11 +0000 2016",
        "id": 717077074834563100,
        "text": "Retweeted Seattle Mariners (@Mariners):\n\nThe wait is over. Hello, Baseball. #OpeningDay #TrueToTheBlue... https://t.co/NkEJQFUJot",
        "used_id": 10648022,
        "user_name": "Rodrigo Hunrichse",
        "user_screen_name": "Rodrigo Hunrichse",
        "user_location": "Concepción, Chile",
        "user_followers_count": 1186,
        "user_friends_count": 1997,
        "user_created_at": "Tue Nov 27 05:20:46 +0000 2007",
        "user_time_zone": "Santiago",
        "user_profile_background_color": "EBD03A",
        "user_profile_image_url": "http://pbs.twimg.com/profile_images/455182548490919938/oM9GZ_Ma_normal.jpeg",
        "geo": null,
        "coordinates": null,
        "place": null,
        "$$hashKey": "object:25"
    }
]